0,1,2,3,4,5,6,7,8,9,accuracy,macro avg,weighted avg
0.9722222222222222,0.6521739130434783,1.0,1.0,0.9736842105263158,1.0,0.925,0.9024390243902439,0.92,0.7272727272727273,0.8916666666666667,0.9072792097454988,0.9161263487259842
1.0,1.0,0.8285714285714286,0.6097560975609756,0.925,0.8372093023255814,0.9736842105263158,0.9487179487179487,0.8846153846153846,0.9696969696969697,0.8916666666666667,0.8977251342014604,0.8916666666666667
0.9859154929577464,0.7894736842105263,0.90625,0.7575757575757575,0.9487179487179489,0.9113924050632911,0.9487179487179489,0.9249999999999999,0.9019607843137256,0.8311688311688312,0.8916666666666667,0.8906172852725776,0.8919862057747022
35.0,30.0,35.0,41.0,40.0,43.0,38.0,39.0,26.0,33.0,0.8916666666666667,360.0,360.0
