0,1,2,3,4,5,6,7,8,9,accuracy,macro avg,weighted avg
0.9635627530364372,0.9174917491749175,0.8978723404255319,0.8876811594202898,0.9041095890410958,0.8591549295774648,0.9539170506912442,0.936,0.8464566929133859,0.8986013986013986,0.9064,0.9064847662881765,0.9064371148732496
0.9754098360655737,0.9686411149825784,0.8978723404255319,0.8718861209964412,0.9295774647887324,0.8511627906976744,0.92,0.9105058365758755,0.849802371541502,0.8862068965517241,0.9064,0.9061064772625634,0.9064
0.9694501018329938,0.9423728813559322,0.8978723404255319,0.8797127468581688,0.9166666666666666,0.8551401869158879,0.9366515837104072,0.923076923076923,0.8481262327416174,0.892361111111111,0.9064,0.9061430774695239,0.9062597194087706
244.0,287.0,235.0,281.0,213.0,215.0,225.0,257.0,253.0,290.0,0.9064,2500.0,2500.0
