0,1,2,3,4,5,6,7,8,9,accuracy,macro avg,weighted avg
0.0,0.0,0.0,0.0,0.0,0.0,0.0,0.10252302763315979,0.0,0.0,0.1024,0.01025230276331598,0.010539367240688827
0.0,0.0,0.0,0.0,0.0,0.0,0.0,0.9961089494163424,0.0,0.0,0.1024,0.09961089494163425,0.1024
0.0,0.0,0.0,0.0,0.0,0.0,0.0,0.18591140159767608,0.0,0.0,0.1024,0.018591140159767608,0.019111692084241103
244.0,287.0,235.0,281.0,213.0,215.0,225.0,257.0,253.0,290.0,0.1024,2500.0,2500.0
