0,1,2,3,4,5,6,7,8,9,accuracy,macro avg,weighted avg
0.9596774193548387,0.9114754098360656,0.8865546218487395,0.9014598540145985,0.8968609865470852,0.8666666666666667,0.954337899543379,0.94,0.8455598455598455,0.9197080291970803,0.9084,0.9082300732568299,0.9086872033268016
0.9754098360655737,0.9686411149825784,0.8978723404255319,0.8790035587188612,0.9389671361502347,0.8465116279069768,0.9288888888888889,0.914396887159533,0.8656126482213439,0.8689655172413793,0.9084,0.9084269555760903,0.9084
0.9674796747967479,0.9391891891891891,0.8921775898520085,0.89009009009009,0.9174311926605504,0.8564705882352942,0.9414414414414414,0.9270216962524656,0.85546875,0.8936170212765957,0.9084,0.9080387233794383,0.9082379350267789
244.0,287.0,235.0,281.0,213.0,215.0,225.0,257.0,253.0,290.0,0.9084,2500.0,2500.0
